{"bits":0,"bytes":0,"converter_price":16875.0,"converters":3,"miner_price":11677.17041015625,"miners":14,"money":11264.6591796875,"nickname":"LordAfterEight"}
