{"bits":0,"bytes":0,"converter_price":11250.0,"converters":2,"miner_price":11677.17041015625,"miners":14,"money":4276.6591796875,"nickname":"\"LordAfterEight\""}