{"bits":0,"bytes":0,"converter_price":16875.0,"converters":3,"miner_price":17515.755615234375,"miners":15,"money":15037.48876953125,"nickname":"LordAfterEight"}
