{"drp_enable":true,"frame_delay":65,"music_volume":0.5000000596046448,"sfx_volume":0.5000000596046448}