{"frame_delay":65,"music_volume":7.450580596923828e-9,"sfx_volume":0.5000000596046448}